MANDT,KTOPL,SAKNR,BILKT,ERDAT,ERNAM,GVTYP,KTOKS,MUSTR,VBUND,XBILK,XLOEV,XSPEA,XSPEB,XUMSA
100,INT,104254,,13.06.2023,nanamisasaki,S,PkUW,,,X,,,,
100,INT,270149,,20.09.2023,emilypatel,S,hcVV,,,X,,,,
100,INT,340058,,08.08.2021,annebennett,X,uyUz,,,X,,,,
100,INT,481329,,02.10.2019,ishiisayuri,X,nJCP,,,X,,,,
100,INT,519338,,25.01.2012,perryleah,E,AthP,,,X,,,,
100,INT,697164,,01.09.2012,carolynwatso,E,MpwX,,,X,,,,
100,INT,724858,,06.07.2023,elodiechauve,E,fRnb,,,,,,,
100,INT,856299,,26.02.2026,jacquesdiaz,E,dYjJ,,,X,,,,
100,INT,147497,,20250602,taro08,S,AaWm,,,X,,,,
100,INT,210942,,20230706,kinggavin,S,tWkA,,,X,,,,
100,INT,311969,,20260226,matheus57,X,YmnH,,,,,,,
100,INT,421708,,11.01.2019,bsoelzer,X,kSSl,,,,,,,
100,INT,597436,,20260603,eleanorjones,E,WqpU,,,X,,,,
100,INT,652103,,01.10.2022,rsousa,E,dfAO,,,,,,,
100,INT,772726,,20200923,lydialewis,E,vclJ,,,,,,,
100,INT,825445,,20190817,ricemark,E,WMZJ,,,,,,,
100,INT,128785,,08.07.2024,smahe,S,gKgh,,,,,,,
100,INT,213691,,29.06.2017,timotheegonc,S,rkUz,,,,,,,
100,INT,376283,,20240526,umarion,X,ZXiu,,,X,,,,
100,INT,491018,,20220124,marcos-vinic,X,wSAE,,,,,,,
100,INT,598660,,20130601,yamazakikaor,E,NLim,,,X,,,,
100,INT,659913,,11.07.2014,rafael80,E,uUJr,,,X,,,,
100,INT,779567,,20211210,gkimura,E,tAuE,,,,,,,
100,INT,859335,,01.11.2015,mai54,E,sJjs,,,X,,,,
100,INT,130115,,10.03.2021,jonathan80,S,QWxX,,,X,,,,
100,INT,214108,,20230131,stephanesimo,S,jrwc,,,,,,,
100,INT,359782,,20250407,gsimmons,X,lNVy,,,,,,,
100,INT,494164,,20140902,neveuchristi,X,qyhm,,,,,,,
100,INT,543229,,01.09.2017,laurawatson,E,zYjZ,,,,,,,
100,INT,630617,,20151101,xavermartin,E,kgkj,,,X,,,,
100,INT,784735,,15.02.2016,brian50,E,XsKM,,,,,,,
100,INT,888922,,20140903,shota00,E,MGdE,,,X,,,,
100,INT,139683,,20230414,ofranklin,S,OxuS,,,,,,,
100,INT,206178,,13.07.2012,gtanaka,S,libF,,,X,,,,
100,INT,323061,,20110830,georges19,X,Njgv,,,,,,,
100,INT,465659,,21.04.2019,oliveiraotto,X,elsz,,,X,,,,
100,INT,522154,,11.09.2021,wlee,E,zmyx,,,X,,,,
100,INT,619628,,20150508,yvesle-gall,E,cGHq,,,,,,,
100,INT,720821,,31.07.2012,zimmermanhec,E,ftrc,,,,,,,
100,INT,881270,,29.07.2011,karzjasmin,E,ILlS,,,X,,,,
100,INT,139937,,20161229,ohaley,S,MoBE,,,X,,,,
100,INT,206950,,20120610,marguerite64,S,yrcb,,,,,,,
100,INT,335344,,20220626,hans-erichko,X,ymSV,,,X,,,,
100,INT,411291,,27.11.2014,camille53,X,ADZU,,,X,,,,
100,INT,584336,,20151004,emilielecler,E,YFsE,,,,,,,
100,INT,631327,,25.03.2020,claudefleury,E,QLXs,,,,,,,
100,INT,743481,,19.02.2026,testrada,E,HJzy,,,,,,,
100,INT,856081,,20130118,jun91,E,Gjch,,,,,,,
100,INT,195508,,20250614,andreperez,S,jeVk,,,X,,,,
100,INT,255786,,20120209,uwalls,S,zuZh,,,X,,,,
100,INT,383192,,20170615,guilletchris,X,bDOH,,,X,,,,
100,INT,490443,,23.06.2020,peixotodiogo,X,LIVL,,,X,,,,
100,INT,530877,,27.08.2014,susannearnau,E,ssRY,,,,,,,
100,INT,677578,,12.12.2019,christine96,E,irrO,,,,,,,
100,INT,747824,,20221128,lrobles,E,VElt,,,,,,,
100,INT,823037,,20250613,naoko60,E,CIpe,,,X,,,,
100,INT,157402,,20210712,guenter68,S,zOjs,,,X,,,,
100,INT,228835,,20220525,mohamed07,S,zeyV,,,,,,,
100,INT,338252,,26.03.2023,ksteinberg,X,XkAM,,,X,,,,
100,INT,404243,,20120909,pruschkejani,X,sQoK,,,X,,,,
100,INT,527900,,20170825,virginiemarc,E,pEfN,,,X,,,,
100,INT,604990,,20170409,sampaioalexi,E,xbFY,,,,,,,
100,INT,760636,,20230514,vstone,E,WbQT,,,X,,,,
100,INT,811497,,04.07.2022,brian70,E,njEr,,,X,,,,
100,INT,166642,,20120723,rouxgeorges,S,kRlb,,,X,,,,
100,INT,266779,,07.07.2016,qjones,S,rJxZ,,,,,,,
100,INT,308166,,28.10.2020,maaya47,X,OJXW,,,X,,,,
100,INT,403401,,20140506,kimuranaoki,X,rwCs,,,X,,,,
100,INT,533631,,10.04.2013,mortmann,E,AtLV,,,X,,,,
100,INT,606126,,30.10.2025,xfox,E,kcnI,,,,,,,
100,INT,778106,,25.06.2019,vianaanna-li,E,nnXS,,,,,,,
100,INT,851477,,20220228,nanami65,E,qPIf,,,X,,,,
100,INT,120659,,20130607,laurencehube,S,unAF,,,,,,,
100,INT,244689,,01.09.2021,moraesdavi,S,swik,,,,,,,
100,INT,386517,,20190109,jennifer47,X,StgY,,,,,,,
100,INT,419932,,20230518,louise45,X,ydtj,,,,,,,
100,INT,515755,,20220801,takahashichi,E,wxwE,,,X,,,,
100,INT,636856,,14.06.2024,anthonymendo,E,eCkn,,,,,,,
100,INT,774507,,13.01.2026,michellerobe,E,SNds,,,,,,,
100,INT,895685,,15.04.2018,reichmannsof,E,bqam,,,,,,,
100,INT,122912,,20200709,jason89,S,xocM,,,X,,,,
100,INT,278357,,20191213,stevensmario,S,SIbb,,,,,,,
100,INT,314122,,09.11.2013,ltakahashi,X,oWlF,,,X,,,,
100,INT,433222,,20170420,marcda-silva,X,Nkdh,,,X,,,,
100,INT,538111,,20251014,thierrycathe,E,hEib,,,X,,,,
100,INT,666640,,26.09.2011,sasakisatomi,E,xItL,,,X,,,,
100,INT,731006,,20140422,thoareau,E,hgds,,,X,,,,
100,INT,819074,,16.03.2018,thierrylebre,E,ZQdB,,,X,,,,
100,INT,174588,,27.06.2020,humphriesgra,S,DWSK,,,X,,,,
100,INT,205681,,24.03.2021,yoichi64,S,cIzx,,,,,,,
100,INT,339352,,20141222,suzannebenar,X,HPrJ,,,X,,,,
100,INT,475095,,20171104,matheuscarva,X,cuQR,,,X,,,,
100,INT,552161,,29.08.2018,leoncole,E,FyjX,,,,,,,
100,INT,627347,,04.07.2025,msmith,E,esgm,,,,,,,
100,INT,767727,,20171130,rtanaka,E,dYQt,,,,,,,
100,INT,810720,,20180909,ortmannfried,E,IfwB,,,,,,,
100,INT,186938,,08.02.2016,nathalie52,S,RQcp,,,X,,,,
100,INT,248018,,20170821,luiz-gustavo,S,WsBK,,,X,,,,
100,INT,374174,,20150910,lemaitretimo,X,yRIR,,,,,,,
100,INT,489312,,04.06.2012,michael29,X,vjgJ,,,,,,,
100,INT,539664,,20150815,kthompson,E,QDeS,,,X,,,,
100,INT,693015,,20230314,gnakagawa,E,LzTF,,,,,,,
100,INT,719461,,20130423,ravi-luccafe,E,YEtg,,,,,,,
100,INT,875067,,20141012,nmitschke,E,sVEd,,,,,,,
100,INT,139454,,20240623,jeffrey46,S,IPLV,,,X,,,,
100,INT,285952,,20130131,victorbanks,S,LgLH,,,,,,,
100,INT,387164,,19.07.2017,celinejouber,X,rmAn,,,X,,,,
100,INT,409237,,28.09.2012,harukawatana,X,VHaz,,,X,,,,
100,INT,551429,,20130426,valentinesch,E,sytP,,,,,,,
100,INT,618946,,25.08.2019,akemi44,E,KQwU,,,X,,,,
100,INT,765032,,28.04.2019,urobertson,E,vPUq,,,,,,,
100,INT,853626,,20200527,gteixeira,E,Jbqm,,,,,,,
100,INT,134430,,20180115,bradley09,S,OacT,,,X,,,,
100,INT,248494,,20210609,garry38,S,yNpY,,,,,,,
100,INT,382256,,20210626,manabufujiwa,X,SOAS,,,X,,,,
100,INT,483227,,20121211,kyosuke54,X,zniF,,,,,,,
100,INT,533950,,17.10.2012,wpowell,E,zgZb,,,,,,,
100,INT,675993,,14.03.2013,marchalsuzan,E,LFic,,,,,,,
100,INT,779085,,20200423,kumikonakaji,E,hcUr,,,,,,,
100,INT,877520,,20211007,ginaanderson,E,evUS,,,,,,,
100,INT,153205,,20171225,anne59,S,nksx,,,X,,,,
100,INT,265992,,05.11.2014,gregorykeith,S,sIzf,,,,,,,
100,INT,348014,,20230319,naoki22,X,HDca,,,,,,,
100,INT,431691,,26.11.2022,amielcarek,X,ayhL,,,X,,,,
100,INT,597041,,20221023,nicholas97,E,eMBJ,,,X,,,,
100,INT,680893,,11.07.2012,irmtruddrub,E,jGly,,,X,,,,
100,INT,723116,,20140315,alfredsanche,E,rsQz,,,,,,,
100,INT,879426,,20171224,itosatomi,E,bKgV,,,X,,,,
100,INT,139002,,30.08.2023,andreawhite,S,Mqcg,,,,,,,
100,INT,231510,,02.11.2012,ajones,S,OYYK,,,,,,,
100,INT,388090,,20260424,benjamin47,X,olmd,,,,,,,
100,INT,421145,,20120507,ann26,X,CxzO,,,,,,,
100,INT,591308,,21.09.2020,cmatsuda,E,zqHh,,,,,,,
100,INT,684076,,09.08.2013,kaylamorales,E,ypoX,,,,,,,
100,INT,793218,,29.09.2011,tlombard,E,hfgZ,,,,,,,
100,INT,839093,,14.06.2015,smithtimothy,E,Ocne,,,X,,,,
100,INT,115860,,27.04.2016,isisfarias,S,eXub,,,,,,,
100,INT,206797,,30.04.2026,xpeixoto,S,WVTh,,,,,,,
100,INT,300670,,20190607,hillergiorgi,X,dITS,,,X,,,,
100,INT,449174,,20120401,gmartin,X,geyS,,,X,,,,
100,INT,580090,,20250628,kyosukeito,E,QeaK,,,,,,,
100,INT,652295,,20191023,tschuster,E,hlla,,,X,,,,
100,INT,785510,,20120703,caroline04,E,fCGC,,,X,,,,
100,INT,858717,,20141104,olivia67,E,dFHd,,,,,,,
100,INT,104016,,20230330,kristian45,S,QpJT,,,X,,,,
100,INT,219934,,14.07.2021,etienne53,S,ALFZ,,,X,,,,
100,INT,318189,,20250805,sousafernand,X,wRKw,,,X,,,,
100,INT,443332,,07.10.2019,bessonmathil,X,bVwK,,,X,,,,
100,INT,557715,,20200109,wjohnson,E,Isby,,,X,,,,
100,INT,629329,,01.06.2022,heinfried19,E,GrYc,,,,,,,
100,INT,749869,,03.08.2017,ryosuke15,E,Hcrs,,,X,,,,
100,INT,874346,,05.11.2024,thess,E,fqBE,,,X,,,,
100,INT,189831,,27.10.2014,trubjeannett,S,sIeR,,,X,,,,
100,INT,223197,,20120823,jovanreichma,S,RPgn,,,,,,,
100,INT,362332,,25.03.2013,shauffer,X,HgJi,,,,,,,
100,INT,441270,,20230707,patrickpeter,X,GMYt,,,X,,,,
100,INT,518983,,12.09.2014,vitor-hugo82,E,Tgrf,,,X,,,,
100,INT,662004,,20160304,camila35,E,bwHS,,,X,,,,
100,INT,776994,,20111216,morganstacey,E,oPiX,,,X,,,,
100,INT,884064,,26.08.2023,suzanne78,E,wrbx,,,,,,,
100,INT,118285,,02.10.2014,rael45,S,gpAB,,,X,,,,
100,INT,241812,,05.03.2020,sayuriyamagu,S,Uukw,,,X,,,,
100,INT,309712,,04.02.2017,lee63,X,nBKY,,,X,,,,
100,INT,450561,,14.08.2023,tanakachiyo,X,IEMH,,,,,,,
100,INT,501837,,10.10.2022,mbonnet,E,rXKr,,,,,,,
100,INT,608323,,06.03.2023,leejanice,E,NVxG,,,X,,,,
100,INT,778847,,23.08.2022,kyosuke89,E,XGSY,,,X,,,,
100,INT,874625,,20190912,yamashitayos,E,ziKw,,,X,,,,
100,INT,132911,,06.09.2019,ssato,S,BJwo,,,X,,,,
100,INT,293377,,20180819,lorettasalz,S,PNJP,,,X,,,,
100,INT,304777,,20190502,griffinbrett,X,pogw,,,X,,,,
100,INT,459032,,20.12.2015,agarcia,X,Drhm,,,X,,,,
100,INT,559830,,20200502,brianosborn,E,fLLq,,,,,,,
100,INT,612452,,27.04.2015,mrolland,E,ETad,,,,,,,
100,INT,737707,,08.06.2020,neuschaeferj,E,hFdk,,,X,,,,
100,INT,805456,,04.10.2023,sjones,E,NUTF,,,X,,,,
100,INT,164832,,06.04.2024,dorotheecaro,S,OAbR,,,X,,,,
100,INT,274054,,23.01.2012,bertholdmael,S,ZdCJ,,,,,,,
100,INT,321460,,20170908,christianepi,X,nGvd,,,,,,,
100,INT,499861,,29.05.2023,emmanuel07,X,mbRu,,,,,,,
100,INT,504910,,03.04.2012,goncalvesant,E,hptN,,,X,,,,
100,INT,639438,,20190510,nicoleboulan,E,eTBQ,,,X,,,,
100,INT,787669,,20180430,pintomatteo,E,WnAX,,,X,,,,
100,INT,871032,,20250308,kcampbell,E,aXXT,,,,,,,
100,INT,131631,,26.06.2013,steven61,S,PxZF,,,,,,,
100,INT,212939,,20180427,sophianascim,S,Zvfp,,,,,,,
100,INT,359267,,20120227,yokosato,X,SRdC,,,,,,,
100,INT,432264,,22.05.2014,nyoshida,X,lRty,,,X,,,,
100,INT,549356,,20180122,karl-hermann,E,Pvew,,,X,,,,
100,INT,696917,,21.07.2022,yamamotomai,E,zhjB,,,X,,,,
100,INT,711313,,22.03.2022,karen66,E,CPYT,,,X,,,,
100,INT,892591,,21.07.2017,inascimento,E,Sxgf,,,,,,,
100,INT,163644,,20230409,chevalierchr,S,aBZa,,,,,,,
100,INT,250723,,01.04.2016,qjoyce,S,bieN,,,,,,,
100,INT,389920,,26.07.2024,kempellie,X,mlfb,,,X,,,,
100,INT,411991,,19.08.2012,eloaviana,X,CYJX,,,,,,,
100,INT,597421,,20190120,gertraudstec,E,TWNM,,,,,,,
100,INT,649973,,20230728,brooksbradle,E,ZVRS,,,X,,,,
100,INT,764588,,21.06.2021,ruthdawson,E,UpMY,,,,,,,
100,INT,865665,,20.12.2015,cda-costa,E,RMQa,,,,,,,
100,INT,174328,,08.03.2021,nakajimayui,S,Yuec,,,X,,,,
100,INT,207769,,10.06.2020,briannajones,S,Jpad,,,,,,,
100,INT,395921,,14.05.2024,wheelermatth,X,TkzU,,,,,,,
100,INT,405007,,27.10.2022,natascha09,X,PLCH,,,,,,,
100,INT,567686,,20150718,sara34,E,wJyc,,,,,,,
100,INT,671008,,29.01.2019,lcurtis,E,eYdT,,,,,,,
100,INT,785775,,20170113,woodemily,E,gJgT,,,X,,,,
100,INT,865113,,20160204,iikeda,E,jGNC,,,X,,,,
100,INT,153155,,20170413,mendozarache,S,jEGa,,,,,,,
100,INT,242771,,20151030,berthelotmar,S,SiOY,,,X,,,,
100,INT,326361,,20160320,maria-alice8,X,BGxL,,,,,,,
100,INT,439453,,14.01.2023,walburgakade,X,EqLh,,,X,,,,
100,INT,590051,,20140324,maryjohnston,E,TzMw,,,,,,,
100,INT,602659,,21.11.2025,oliveiraluiz,E,oRVd,,,,,,,
100,INT,718326,,09.09.2019,pierre57,E,hBIR,,,,,,,
100,INT,874059,,20141108,fatih72,E,omdA,,,X,,,,
100,INT,147443,,20160110,joana45,S,Btjb,,,,,,,
100,INT,213643,,20161220,lucy04,S,DMMJ,,,,,,,
100,INT,359511,,20220405,minoru37,X,wMGG,,,,,,,
100,INT,440811,,10.07.2015,cmarty,X,XyBz,,,,,,,
100,INT,575537,,13.10.2011,valentin98,E,pyAF,,,,,,,
100,INT,659410,,03.12.2021,curtisdebora,E,wPvc,,,,,,,
100,INT,766955,,20240228,yoshidajun,E,cdWJ,,,,,,,
100,INT,820990,,20190102,scott01,E,PfAa,,,X,,,,
100,INT,132261,,26.10.2014,sabine17,S,nDRh,,,,,,,
100,INT,235100,,17.12.2019,dkato,S,OjyZ,,,X,,,,
100,INT,313635,,18.05.2024,nwalker,X,glUc,,,,,,,
100,INT,447533,,20160416,aoliveira,X,zRTa,,,X,,,,
100,INT,583175,,31.08.2017,asuka46,E,UYxH,,,,,,,
100,INT,676509,,20170825,miturukimura,E,kqWI,,,X,,,,
100,INT,762947,,20161119,cauecavalcan,E,UYuJ,,,,,,,
100,INT,849116,,13.10.2015,tanderson,E,ZWDm,,,X,,,,
100,INT,140238,,20171217,minorusato,S,GTVd,,,X,,,,
100,INT,230298,,20150918,ymarie,S,MEJF,,,X,,,,
100,INT,375570,,09.12.2023,ahuerta,X,cTRA,,,X,,,,
100,INT,408951,,28.10.2023,rodriguezluc,X,irAX,,,,,,,
100,INT,549549,,26.04.2014,dlindau,E,SCUc,,,X,,,,
100,INT,604806,,20110809,tarookada,E,LzVg,,,X,,,,
100,INT,754138,,28.03.2026,kumiko47,E,LOrr,,,X,,,,
100,INT,838758,,20240601,ahorton,E,aScs,,,,,,,
100,INT,184481,,01.05.2019,marion03,S,XYxo,,,X,,,,
100,INT,228344,,20200722,stephanie40,S,ZaBp,,,X,,,,
100,INT,375643,,20260515,martyn94,X,bJXH,,,X,,,,
100,INT,462845,,23.04.2016,kazuya42,X,JYbC,,,,,,,
100,INT,534430,,22.09.2023,gbriand,E,ZneZ,,,X,,,,
100,INT,601032,,07.06.2023,letelliereli,E,KJMl,,,,,,,
100,INT,783278,,08.11.2012,kpasquier,E,jGBV,,,,,,,
100,INT,854858,,20221105,uperon,E,YRpA,,,,,,,
100,INT,145257,,11.11.2019,liliana52,S,aYSU,,,X,,,,
100,INT,245226,,20150802,jleao,S,cGjL,,,X,,,,
100,INT,345591,,20191129,alex91,X,cdqI,,,X,,,,
100,INT,481541,,20250607,tmatsuda,X,zpGX,,,,,,,
100,INT,584727,,20130426,ubaerer,E,kHhf,,,,,,,
100,INT,695126,,25.04.2014,johannmia,E,CTow,,,X,,,,
100,INT,713574,,20180714,matthewsluis,E,HprH,,,,,,,
100,INT,869519,,13.01.2020,matthieufont,E,rKxN,,,X,,,,
100,INT,101765,,17.07.2014,gerhildpiepe,S,YaJn,,,X,,,,
100,INT,211245,,20230120,julie22,S,kftZ,,,,,,,
100,INT,326468,,29.06.2018,zda-rocha,X,aPcy,,,,,,,
100,INT,472462,,09.05.2018,brittany04,X,VfJj,,,,,,,
100,INT,520605,,20120511,naotokobayas,E,kiZh,,,,,,,
100,INT,661129,,28.04.2018,coxalison,E,VQzc,,,X,,,,
100,INT,717473,,05.03.2013,ana-claramac,E,wNqu,,,X,,,,
100,INT,813221,,20211127,sgay,E,Viov,,,,,,,
100,INT,158097,,20230305,hernandezjam,S,GErS,,,X,,,,
100,INT,269558,,15.06.2023,sda-conceica,S,SaWG,,,,,,,
100,INT,343419,,20151130,takahashihan,X,bbos,,,,,,,
100,INT,480395,,20190603,maria-flor84,X,McyK,,,,,,,
100,INT,580704,,20250605,urshentschel,E,dRrm,,,X,,,,
100,INT,623116,,20150916,emanuel23,E,pfjh,,,X,,,,
100,INT,714328,,20170706,zhoffmann,E,Vlqe,,,X,,,,
100,INT,802335,,18.04.2019,renato19,E,JnZI,,,X,,,,
100,INT,148504,,14.02.2013,matthieubour,S,hJxi,,,,,,,
100,INT,248588,,20160505,dhoffman,S,RuBb,,,X,,,,
100,INT,300098,,20170926,spencerlinds,X,NqaV,,,,,,,
100,INT,461929,,07.12.2022,leonhard44,X,VSAw,,,X,,,,
100,INT,573509,,20211224,graham26,E,rugD,,,X,,,,
100,INT,659448,,11.08.2012,abigail76,E,Nqll,,,,,,,
100,INT,702511,,20171003,shanecumming,E,QaCh,,,,,,,
100,INT,818891,,21.09.2021,marinadrien,E,qybO,,,,,,,
100,INT,170100,,20221209,lramos,S,clxp,,,X,,,,
100,INT,215113,,20161018,zenon40,S,WskE,,,X,,,,
100,INT,350377,,20210805,antonio53,X,QRoN,,,X,,,,
100,INT,407982,,04.04.2019,yukiwatanabe,X,aWEB,,,X,,,,
100,INT,576009,,15.01.2015,cordieryves,E,xLHC,,,,,,,
100,INT,626859,,16.03.2024,cardosoemill,E,eQhL,,,X,,,,
100,INT,772705,,20130528,uhayashi,E,uoYc,,,X,,,,
100,INT,852627,,12.09.2019,zbaxter,E,NCNN,,,,,,,
100,INT,169658,,05.11.2025,fbarthelemy,S,DGMF,,,,,,,
100,INT,262121,,04.02.2018,fobrien,S,JtWf,,,,,,,
100,INT,336757,,06.05.2022,jacob40,X,uUFD,,,,,,,
100,INT,467084,,20250918,sevim43,X,sEpg,,,X,,,,
100,INT,537503,,28.09.2013,blosekann,E,HzYm,,,X,,,,
100,INT,692168,,31.03.2018,mateus12,E,zjwf,,,,,,,
100,INT,773045,,05.10.2014,zchauvin,E,Xqfo,,,,,,,
100,INT,894633,,11.02.2022,nanami49,E,ifjK,,,X,,,,
100,INT,192674,,23.12.2025,erica35,S,vybp,,,,,,,
100,INT,262698,,20210324,teixeirajoao,S,rkhh,,,X,,,,
100,INT,318284,,20230405,mhamel,X,BsKB,,,X,,,,
100,INT,483635,,20230707,pjoseph,X,tqGN,,,X,,,,
100,INT,593312,,13.12.2025,wagenknechtk,E,WDku,,,X,,,,
100,INT,610817,,20220601,michaelbates,E,XHgI,,,,,,,
100,INT,702592,,20140510,hanako06,E,Rbjo,,,,,,,
100,INT,890112,,20220904,lucy58,E,btkH,,,,,,,
100,INT,133389,,12.04.2018,moreauthibau,S,RJUl,,,X,,,,
100,INT,267294,,29.08.2021,satokazuya,S,fbaP,,,X,,,,
100,INT,348001,,20260509,crose,X,mPeg,,,X,,,,
100,INT,463658,,20141208,petersonpete,X,cLKI,,,X,,,,
100,INT,509481,,19.07.2013,fcirino,E,JKpS,,,,,,,
100,INT,691854,,21.05.2014,herringfelic,E,flkE,,,,,,,
100,INT,721376,,20210712,larissa63,E,AcKN,,,,,,,
100,INT,844518,,20140315,suzanne27,E,gpKq,,,X,,,,
100,INT,117833,,20250219,maillardnath,S,OeFQ,,,X,,,,
100,INT,213707,,20160222,reyestony,S,DRBf,,,,,,,
100,INT,321611,,02.08.2024,zoedaniels,X,LtIa,,,X,,,,
100,INT,415809,,24.07.2021,momokokondo,X,AKcz,,,,,,,
100,INT,501577,,20141110,lynchjustin,E,eRcF,,,X,,,,
100,INT,612282,,20250411,lucymarchand,E,ofcm,,,X,,,,
100,INT,777365,,20160310,barry54,E,obnb,,,X,,,,
100,INT,822145,,20260615,tintzmannsyl,E,eJbh,,,X,,,,
100,INT,169403,,20110813,francois57,S,kDiv,,,,,,,
100,INT,231958,,20170811,langernibrah,S,jMbB,,,,,,,
100,INT,307208,,22.01.2026,tmoraes,X,qwqt,,,,,,,
100,INT,442815,,25.12.2013,marymcdowell,X,xzDT,,,,,,,
100,INT,567667,,20230705,connierobins,E,NwfD,,,X,,,,
100,INT,673531,,01.03.2025,lynncharlton,E,qjOr,,,,,,,
100,INT,716700,,20120211,tpoelitz,E,eKIi,,,X,,,,
100,INT,833204,,20160115,kaitlin76,E,BtoG,,,X,,,,
100,INT,116587,,10.10.2015,lisawilliams,S,mTcp,,,,,,,
100,INT,200538,,22.04.2024,sarah57,S,qdDo,,,,,,,
100,INT,388484,,20160707,lisahudson,X,yDAQ,,,X,,,,
100,INT,458780,,23.02.2026,brayan54,X,bbOX,,,X,,,,
100,INT,506652,,21.10.2019,rruppersberg,E,htBj,,,X,,,,
100,INT,667021,,26.12.2019,hvasconcelos,E,KVZA,,,,,,,
100,INT,744664,,20120428,ehenry,E,YztA,,,,,,,
100,INT,876831,,05.11.2025,novaessarah,E,NWCN,,,X,,,,
100,INT,172942,,20200711,oliveiraravi,S,DtGD,,,X,,,,
100,INT,201607,,01.03.2025,maria-sophia,S,eotE,,,,,,,
100,INT,392118,,20180804,satotakuma,X,RrsV,,,X,,,,
100,INT,459461,,06.03.2025,ygilles,X,qzmy,,,X,,,,
100,INT,581810,,27.07.2021,bonnetdaniel,E,XiJf,,,,,,,
100,INT,691531,,16.10.2018,roger40,E,eDQR,,,,,,,
100,INT,762516,,07.12.2025,edward97,E,mFdJ,,,X,,,,
100,INT,830305,,20220805,garciaandrea,E,VBmD,,,X,,,,
100,INT,175278,,06.05.2012,vwilson,S,wKJN,,,,,,,
100,INT,203192,,08.07.2016,akemi82,S,jWgS,,,,,,,
100,INT,376279,,31.01.2025,ptakahashi,X,rTEi,,,X,,,,
100,INT,450480,,30.01.2017,friedhelm99,X,GLsh,,,X,,,,
100,INT,577142,,17.12.2022,berryjamie,E,lBrg,,,,,,,
100,INT,652748,,19.02.2017,mauricemarec,E,CdiL,,,X,,,,
100,INT,790274,,20161110,vincentblanc,E,Knlu,,,X,,,,
100,INT,810569,,03.08.2016,zfernandes,E,qkhy,,,,,,,
100,INT,149310,,20150119,sasakiryosuk,S,dNJY,,,X,,,,
100,INT,245279,,12.06.2017,emmanuel12,S,fZyX,,,,,,,
100,INT,304058,,20230805,chantal32,X,RBjB,,,,,,,
100,INT,416112,,14.02.2014,evansann,X,Sorc,,,X,,,,
100,INT,562543,,20190905,roynath,E,RZNe,,,X,,,,
100,INT,697288,,27.06.2018,lokamoto,E,LDpx,,,,,,,
100,INT,737786,,20111216,abecker,E,ZfAu,,,,,,,
100,INT,801302,,20121209,rezendevitor,E,lkpe,,,,,,,
100,INT,143763,,20140721,satominoru,S,WcgR,,,,,,,
100,INT,284564,,27.09.2017,tammycooper,S,AAnu,,,,,,,
100,INT,302083,,23.08.2018,williamjohns,X,owma,,,X,,,,
100,INT,468383,,08.04.2021,kayleighwall,X,GbIk,,,X,,,,
100,INT,508440,,13.07.2011,wgeisler,E,CIMT,,,,,,,
100,INT,690345,,20210909,wrust,E,MLSJ,,,X,,,,
100,INT,749779,,20130312,cavalcantifr,E,LZvz,,,,,,,
100,INT,806430,,20141001,gracephillip,E,UQIo,,,,,,,
100,INT,120341,,10.09.2011,pwright,S,BbYG,,,X,,,,
100,INT,265688,,20240724,kristianauma,S,wDKh,,,X,,,,
100,INT,309232,,04.05.2013,zgray,X,blrl,,,X,,,,
100,INT,466171,,20240828,julien35,X,DOya,,,X,,,,
100,INT,583874,,20260524,theoaragao,E,BNXf,,,,,,,
100,INT,679439,,20111213,reidgabriel,E,FVqE,,,,,,,
100,INT,792889,,20190728,yoichi20,E,CnLi,,,X,,,,
100,INT,896011,,04.09.2024,hans-josef66,E,QmhV,,,X,,,,
100,INT,157609,,15.09.2014,mark87,S,GCBV,,,X,,,,
100,INT,246495,,20190823,stephenselli,S,tRmx,,,,,,,
100,INT,384687,,20250410,gilljemma,X,ylBe,,,X,,,,
100,INT,457479,,20190929,farrelljenna,X,onpv,,,,,,,
100,INT,506339,,18.02.2025,dyamashita,E,POyg,,,,,,,
100,INT,699308,,20231027,nichole85,E,MfWN,,,,,,,
100,INT,779580,,23.07.2017,fferguson,E,LDky,,,X,,,,
100,INT,803970,,14.12.2012,correiarael,E,Nerf,,,X,,,,
100,INT,183386,,20150220,cardosopietr,S,SrnX,,,X,,,,
100,INT,296645,,20230102,giessapostol,S,uOlv,,,X,,,,
100,INT,356441,,26.05.2019,raquel03,X,KOCf,,,X,,,,
100,INT,420813,,20170826,sophia88,X,bwqm,,,,,,,
100,INT,540753,,06.06.2026,xbradley,E,BGfP,,,X,,,,
100,INT,659627,,20211010,bigotnoel,E,bHPe,,,,,,,
100,INT,782645,,18.05.2025,merlecamille,E,ogsT,,,,,,,
100,INT,820155,,05.01.2015,egermain,E,dEct,,,,,,,
100,INT,167692,,09.01.2020,vpoelitz,S,stEr,,,X,,,,
100,INT,255845,,26.07.2020,kazuya87,S,yFGw,,,,,,,
100,INT,321997,,10.05.2024,haruka46,X,MIru,,,X,,,,
100,INT,478891,,20140905,reinhard85,X,DmDa,,,X,,,,
100,INT,584783,,02.03.2025,genevievedes,E,jCLI,,,,,,,
100,INT,633945,,20150914,augustin26,E,jtjD,,,X,,,,
100,INT,734905,,20210722,brayansampai,E,JUbZ,,,X,,,,
100,INT,896451,,20210510,grocha,E,Tcty,,,,,,,
